Requêtes les plus fréquentes,Clics,Impressions,CTR,Position
trinexta,39,212,18.4%,6
pme informatique,1,2,50%,1
installation réseau informatique,1,2,50%,1.5
entreprise infogérance informatique,1,1,100%,1
entreprise cybersécurité essonne,0,113,0%,22.75
support informatique tpe,0,108,0%,19.31
audit cybersécurité essonne,0,92,0%,24.43
entreprise informatique evry,0,71,0%,12.58
maintenance informatique evry,0,50,0%,11.64
infogérance evry,0,48,0%,7.62
entreprise audit infogérance évry,0,41,0%,15.61
prestataire informatique evry,0,40,0%,8.53
société audit infogérance évry,0,38,0%,13.16
société de maintenance informatique evry,0,36,0%,12.83
prestataire infogérance evry,0,36,0%,17.14
contrat maintenance informatique évry,0,25,0%,14.88
assistance informatique pme,0,24,0%,45.83
société infogérance ris-orangis,0,19,0%,20.58
société infogérance draveil,0,19,0%,42.42
hotline informatique pour pme,0,18,0%,10.78
prestataire infogérance pont sainte marie,0,16,0%,79.94
it support,0,15,0%,9.73
service informatique tpe,0,15,0%,17.93
sécurité maintenance informatique virsac,0,15,0%,90.53
intégrateur informatique essonne,0,13,0%,17.54
entreprise informatique essonne,0,12,0%,21.33
entreprise informatique 91,0,11,0%,26.27
infogérance ris orangis,0,11,0%,30.91
prestataire informatique quincampoix,0,11,0%,46.09
société audit infogérance massy,0,10,0%,12.1
support informatique tpe pme,0,10,0%,25.6
"fourniture, pose plateformes evry",0,10,0%,34.6
infogérance draveil,0,9,0%,35.67
société infogérance vigneux-sur-seine,0,9,0%,38.56
infogérance evry-courcouronnes,0,8,0%,5.75
entreprise audit infogérance ris-orangis,0,8,0%,17
infogérance brunoy,0,8,0%,23.88
entreprise audit infogérance 91100,0,8,0%,61.25
audit informatique 91100,0,8,0%,64.62
sécurité informatique 91210,0,8,0%,66.75
pourquoi collaborateurs perdent temps informatique,0,6,0%,8.5
telephonie professionnelle evry,0,6,0%,46.5
prestataire infogérance chartres,0,6,0%,95.67
technicien informatique,0,5,0%,7.4
depannage informatique,0,5,0%,9
maintenance informatique la défense,0,5,0%,25.2
entreprise infogérance,0,4,0%,2
service informatique,0,4,0%,2
entreprise informatique,0,4,0%,3.75
réparation imprimante,0,4,0%,5.5
infogérance pme,0,4,0%,11
dépannage informatique tpe,0,4,0%,13.5
installation reséau informatique,0,4,0%,16
prestataire informatique tpe fontainebleau,0,4,0%,38.5
renfort it,0,4,0%,38.5
centre support informatique entreprise,0,4,0%,47
société informatique,0,3,0%,4.33
entreprise support informatique,0,3,0%,5.33
aide informatique,0,3,0%,13.33
infogérance essonne,0,3,0%,13.33
depannage informatique evry,0,3,0%,14.67
infogérance informatique pour pme versailles,0,3,0%,15.67
cybersécurité informatique essonne,0,3,0%,17.67
optimisation microsoft 365 haute savoie,0,3,0%,24.33
sécurité informatique ris-orangis,0,3,0%,25
audit informatique corbeil-essonnes,0,3,0%,56
migration informatique essonne,0,3,0%,61.67
société sécurité informatique 91210,0,3,0%,64
infogérance château-thierry,0,3,0%,68.67
informatique,0,2,0%,3
support informatique,0,2,0%,6
cyber,0,2,0%,7.5
it sup,0,2,0%,11
sécurité informatique,0,2,0%,11
installation technologique risorangis,0,2,0%,13.5
support informatique pme,0,2,0%,27.5
infogérance corbeil essonne,0,2,0%,30
dématérialisation evry,0,2,0%,39.5
protection ransomware edr,0,2,0%,40.5
entreprise audit infogérance versailles,0,2,0%,41.5
helpdesk c'est quoi,0,2,0%,59.5
solutions métier,0,2,0%,65
infogérance molsheim,0,2,0%,68
infogérance tpe,0,2,0%,75
infogérance massy,0,2,0%,97.5
infogérance bar-sur-aube,0,2,0%,99.5
entreprise d'informatique,0,1,0%,1
entreprise de cybersécurité autour de moi,0,1,0%,1
imprimante wifi,0,1,0%,1
intégrateur réseau,0,1,0%,1
support n2,0,1,0%,1
dépannage imprimante autour de moi,0,1,0%,2
edr,0,1,0%,2
entreprise en informatique,0,1,0%,2
trusteck,0,1,0%,3
trustech,0,1,0%,4
boite informatique,0,1,0%,5
prestataire informatique,0,1,0%,5
entreprise cybersécurité autour de moi,0,1,0%,6
imprimante,0,1,0%,6
entreprise avec service informatique,0,1,0%,7
talentero,0,1,0%,7
cyber securite,0,1,0%,8
service informatique pour pme,0,1,0%,8
installation de réseau informatique,0,1,0%,10
entreprise evry-courcouronnes email,0,1,0%,11
helpdesk pme,0,1,0%,11
solutions de sécurité email pour pme françaises,0,1,0%,11
entreprise audit infogérance corbeil-essonnes,0,1,0%,13
infogérance,0,1,0%,13
blog technicien informatique,0,1,0%,14
informatique evry,0,1,0%,15
24/7 it helpdesk,0,1,0%,23
infogérance yerres,0,1,0%,23
edr pme,0,1,0%,43
réduction des interruptions centre relation client,0,1,0%,44
déploiement microsoft 365 haute savoie,0,1,0%,47
edr pour pme petites et moyennes entreprises,0,1,0%,49
infogérance etampes,0,1,0%,50
maintenance informatique tpe loiret,0,1,0%,71
cas client infogérance polyclinique,0,1,0%,72